<keymap version="1" name="Beebo" parent="Mac OS X 10.5+">
  <action id="EditorDeleteLine">
    <keyboard-shortcut first-keystroke="meta back_space" />
    <keyboard-shortcut first-keystroke="shift meta k" />
  </action>
  <action id="EditorMatchBrace">
    <keyboard-shortcut first-keystroke="ctrl m" />
    <keyboard-shortcut first-keystroke="ctrl back_slash" />
  </action>
  <action id="EditorNextWord">
    <keyboard-shortcut first-keystroke="alt right" />
    <keyboard-shortcut first-keystroke="alt f" />
  </action>
  <action id="EditorPreviousWord">
    <keyboard-shortcut first-keystroke="alt left" />
    <keyboard-shortcut first-keystroke="alt b" />
  </action>
  <action id="Vcs.Push" />
</keymap>